Zeitstempel;Abgas;VW_Kessel;VW_SP_oben;VW_SP_unten;VW_Garage;VW_Brauchwasser;VW_Vorlauf;VW_Rücklauf;VW_Wohnung;VW_Verteiler;VW_AT;VW_Büro
23.02.2020 15:31:37;24.0;33.0;26.0;25.7;11.0;43.1;27.4;26.0;21.1;21.1;14.2;20.3
23.02.2020 15:31:39;23.9;33.0;26.0;25.7;11.0;43.1;27.4;26.0;21.2;21.0;14.2;20.3
23.02.2020 15:31:41;24.0;33.1;26.0;25.7;11.0;43.1;27.4;26.0;21.2;21.1;14.2;20.3
23.02.2020 15:31:43;24.0;33.0;26.0;25.7;11.0;43.1;27.4;26.0;21.2;21.1;14.2;20.3
23.02.2020 15:31:45;24.0;33.0;26.0;25.7;11.0;43.1;27.4;26.0;21.2;21.0;14.2;20.3
23.02.2020 15:31:48;24.0;33.0;26.0;25.7;11.0;43.1;27.4;26.0;21.1;21.0;14.2;20.3
23.02.2020 15:31:50;24.0;33.0;26.0;25.7;11.0;43.0;27.4;26.0;21.2;21.0;14.2;20.3
23.02.2020 15:31:52;24.0;33.0;26.1;25.7;11.0;43.1;27.4;26.0;21.1;21.0;14.2;20.3
23.02.2020 15:31:54;24.0;33.0;26.0;25.7;11.0;43.0;27.4;26.0;21.1;21.0;14.2;20.3
23.02.2020 15:31:56;24.0;33.0;26.0;25.7;11.0;43.1;27.4;26.0;21.1;21.0;14.2;20.3
23.02.2020 15:31:59;24.0;33.0;26.0;25.7;11.0;43.0;27.4;26.0;21.1;21.0;14.2;20.3
23.02.2020 15:32:01;24.0;33.0;26.0;25.7;11.0;43.0;27.4;26.0;21.1;21.0;14.2;20.3
23.02.2020 15:32:03;24.0;33.0;26.0;25.7;11.0;43.1;27.4;26.0;21.1;21.0;14.2;20.3
23.02.2020 15:32:05;24.0;33.0;26.0;25.7;11.0;43.0;27.4;26.0;21.2;21.0;14.2;20.3
23.02.2020 15:32:07;24.0;33.0;26.0;25.7;11.0;43.0;27.4;26.0;21.2;21.0;14.2;20.4
23.02.2020 15:32:09;24.0;33.0;26.0;25.7;11.0;43.0;27.4;26.0;21.2;21.0;14.2;20.4
23.02.2020 15:32:12;24.0;33.0;26.0;25.7;11.0;43.0;27.4;26.0;21.2;21.0;14.2;20.4
23.02.2020 15:32:14;24.0;33.0;26.0;25.7;11.0;43.0;27.4;26.0;21.2;21.1;14.2;20.4
23.02.2020 15:32:16;24.0;33.0;26.0;25.7;11.0;43.0;27.4;26.0;21.2;21.1;14.2;20.4
23.02.2020 15:32:18;24.0;33.0;26.0;25.7;11.0;43.0;27.4;26.0;21.1;21.0;14.2;20.3
23.02.2020 15:32:20;24.0;33.0;26.0;25.7;11.0;43.0;27.4;26.0;21.1;21.0;14.2;20.3
23.02.2020 15:32:22;24.0;33.0;26.0;25.7;11.0;43.0;27.4;26.0;21.1;21.1;14.2;20.3
23.02.2020 15:32:25;24.0;33.0;26.0;25.7;11.0;43.0;27.4;26.0;21.1;21.1;14.2;20.3
23.02.2020 15:32:27;23.9;33.0;26.0;25.7;11.0;43.0;27.4;26.0;21.1;21.0;14.2;20.3
23.02.2020 15:32:29;23.9;33.0;26.0;25.7;11.0;43.0;27.4;26.0;21.1;21.0;14.2;20.3
23.02.2020 15:32:31;23.9;33.0;26.0;25.7;11.0;43.0;27.4;26.0;21.2;21.0;14.2;20.3
23.02.2020 15:32:33;23.9;33.0;26.0;25.7;11.0;43.0;27.4;26.0;21.2;21.0;14.2;20.3
23.02.2020 15:32:36;23.9;33.0;26.0;25.7;11.0;43.0;27.4;26.0;21.2;21.0;14.2;20.3
23.02.2020 15:32:38;23.9;33.0;26.0;25.7;11.0;43.0;27.4;26.0;21.2;21.0;14.2;20.3
23.02.2020 15:32:40;23.9;33.0;26.0;25.7;11.0;43.0;27.4;26.0;21.2;21.0;14.2;20.4
23.02.2020 15:32:42;23.9;33.0;26.0;25.7;11.0;43.0;27.4;26.0;21.2;21.1;14.2;20.4
23.02.2020 15:33:27;23.9;33.0;26.0;25.7;11.0;43.0;27.4;26.0;21.2;21.1;14.1;20.3
23.02.2020 15:35:53;24.0;33.0;25.9;25.6;11.0;42.9;27.3;25.9;21.1;21.0;14.1;20.3
23.02.2020 15:35:55;24.0;33.0;25.9;25.6;11.0;42.9;27.3;25.9;21.1;21.0;14.1;20.3
23.02.2020 15:35:57;24.0;32.9;25.9;25.6;11.0;42.9;27.3;25.9;21.2;21.0;14.1;20.3
23.02.2020 15:35:59;24.0;32.9;25.9;25.6;11.0;42.9;27.3;25.9;21.2;21.0;14.1;20.3
23.02.2020 15:36:01;24.0;32.9;25.9;25.6;11.0;42.9;27.3;25.9;21.2;21.0;14.1;20.4
23.02.2020 15:36:03;24.0;33.0;25.9;25.6;11.0;42.9;27.3;25.9;21.2;21.0;14.1;20.4
23.02.2020 15:36:05;24.0;33.0;25.9;25.6;11.0;42.9;27.3;25.9;21.2;21.0;14.1;20.4
23.02.2020 15:36:08;24.0;32.9;25.9;25.6;11.0;42.9;27.3;25.9;21.2;21.0;14.1;20.4
23.02.2020 15:36:10;24.0;32.9;25.9;25.6;11.0;42.9;27.3;25.9;21.2;21.0;14.1;20.4
23.02.2020 15:36:12;24.0;33.0;25.9;25.6;11.0;42.9;27.3;25.9;21.1;21.0;14.1;20.4
23.02.2020 15:36:14;24.0;32.9;25.9;25.6;11.0;42.9;27.3;25.9;21.2;21.0;14.1;20.4
23.02.2020 15:36:16;23.9;32.9;25.9;25.6;11.0;42.9;27.3;25.9;21.1;21.0;14.1;20.4
23.02.2020 15:36:18;23.9;32.9;25.9;25.6;11.0;42.9;27.3;25.9;21.1;21.0;14.1;20.4
23.02.2020 15:36:20;23.9;32.9;25.9;25.6;11.0;42.9;27.3;25.9;21.1;21.0;14.1;20.4
23.02.2020 15:36:23;23.9;32.9;25.9;25.6;11.0;42.9;27.3;25.9;21.2;21.0;14.1;20.3
23.02.2020 15:36:25;23.9;32.9;25.9;25.6;11.0;42.9;27.3;25.9;21.2;21.0;14.1;20.3
23.02.2020 15:36:27;23.8;32.9;25.9;25.6;11.0;42.9;27.3;25.9;21.2;21.0;14.1;20.3
23.02.2020 15:36:29;23.8;32.9;25.9;25.6;11.0;42.9;27.3;25.9;21.2;21.0;14.1;20.3
23.02.2020 15:36:31;23.8;32.9;25.9;25.6;11.0;42.9;27.3;25.9;21.2;21.0;14.1;20.3
23.02.2020 15:36:33;23.8;32.9;25.9;25.6;11.0;42.9;27.3;25.9;21.2;21.0;14.1;20.3
23.02.2020 15:36:35;23.8;32.9;25.9;25.6;11.0;42.9;27.3;25.9;21.2;21.0;14.1;20.3
23.02.2020 15:36:37;23.8;32.9;25.9;25.6;11.0;42.9;27.3;25.9;21.2;21.0;14.1;20.3
23.02.2020 15:36:40;23.8;32.9;25.9;25.6;11.0;42.9;27.3;25.9;21.2;21.0;14.1;20.3
23.02.2020 15:36:42;23.8;32.9;25.9;25.6;11.0;42.9;27.3;25.9;21.2;21.0;14.1;20.3
23.02.2020 15:36:44;23.8;32.9;25.9;25.6;11.0;42.9;27.3;25.9;21.2;21.0;14.1;20.4
23.02.2020 15:36:46;23.8;32.9;25.9;25.6;11.0;42.9;27.3;25.9;21.2;21.0;14.1;20.4
23.02.2020 15:36:48;23.9;32.9;25.9;25.6;11.0;42.9;27.3;25.9;21.2;21.0;14.1;20.4
23.02.2020 15:36:50;23.9;32.9;25.9;25.6;11.0;42.9;27.3;25.9;21.2;21.0;14.1;20.3
23.02.2020 15:36:52;23.9;32.9;25.9;25.6;11.0;42.9;27.3;25.9;21.2;21.0;14.1;20.3
23.02.2020 15:36:55;23.9;32.9;25.9;25.6;11.0;42.9;27.3;25.9;21.2;21.0;14.2;20.3
23.02.2020 15:36:57;23.9;32.9;25.9;25.6;11.0;42.9;27.3;25.9;21.2;21.0;14.1;20.3
23.02.2020 15:36:59;23.9;32.9;25.9;25.6;11.0;42.9;27.3;25.9;21.2;21.0;14.2;20.3
23.02.2020 15:37:01;23.9;32.9;25.9;25.6;11.0;42.9;27.3;25.9;21.2;21.0;14.2;20.3
23.02.2020 15:37:03;23.9;32.9;25.9;25.6;11.0;42.9;27.3;25.9;21.2;21.0;14.2;20.3
23.02.2020 15:37:05;23.9;32.9;25.9;25.6;11.0;42.9;27.3;25.9;21.2;21.0;14.2;20.3
23.02.2020 15:37:08;23.9;32.9;25.9;25.6;11.0;42.9;27.3;25.9;21.2;21.1;14.2;20.3
23.02.2020 15:37:10;23.9;32.9;25.9;25.6;11.0;42.9;27.3;25.9;21.2;21.1;14.2;20.3
23.02.2020 15:37:12;23.9;32.9;25.9;25.6;11.0;42.9;27.3;25.9;21.2;21.1;14.2;20.3
23.02.2020 15:37:14;23.9;32.9;25.9;25.6;11.0;42.9;27.3;25.9;21.2;21.1;14.2;20.3
23.02.2020 15:37:16;23.9;32.9;25.9;25.6;11.0;42.9;27.3;25.9;21.2;21.1;14.2;20.3
23.02.2020 15:37:18;23.9;32.9;25.9;25.6;11.0;42.9;27.3;25.9;21.2;21.1;14.2;20.3
23.02.2020 15:37:20;23.9;32.9;25.9;25.6;11.0;42.9;27.3;25.9;21.2;21.1;14.2;20.3
23.02.2020 15:37:23;23.9;32.9;25.9;25.6;11.0;42.9;27.3;25.9;21.2;21.2;14.2;20.3
23.02.2020 15:37:25;23.9;32.9;25.9;25.6;11.0;42.9;27.3;25.9;21.2;21.2;14.2;20.3
23.02.2020 15:37:27;24.0;32.9;25.9;25.6;11.0;42.8;27.3;25.9;21.2;21.1;14.2;20.3
23.02.2020 15:37:29;24.0;32.9;25.9;25.6;11.0;42.9;27.3;25.9;21.2;21.2;14.2;20.3
23.02.2020 15:37:31;24.0;32.9;25.9;25.6;11.0;42.9;27.3;25.9;21.2;21.2;14.2;20.3
23.02.2020 15:37:33;24.0;32.9;25.9;25.6;10.9;42.8;27.3;25.9;21.2;21.2;14.2;20.3
23.02.2020 15:37:35;24.0;32.9;25.9;25.6;11.0;42.9;27.3;25.9;21.2;21.2;14.2;20.3
23.02.2020 15:37:38;24.0;32.9;25.9;25.6;11.0;42.9;27.3;25.9;21.2;21.2;14.2;20.3
23.02.2020 15:37:40;24.0;32.9;25.9;25.6;11.0;42.9;27.3;25.9;21.2;21.2;14.2;20.3
23.02.2020 15:37:42;24.0;32.9;25.9;25.6;11.0;42.8;27.3;25.9;21.2;21.2;14.2;20.3
23.02.2020 15:37:44;24.0;32.9;25.9;25.6;11.0;42.9;27.3;25.9;21.2;21.1;14.2;20.3
23.02.2020 15:37:46;24.0;32.9;25.9;25.6;11.0;42.9;27.3;25.9;21.2;21.2;14.2;20.3
23.02.2020 15:37:48;24.0;32.9;25.8;25.6;11.0;42.8;27.3;25.9;21.2;21.2;14.2;20.3
23.02.2020 15:37:51;24.0;32.9;25.9;25.6;11.0;42.8;27.3;25.9;21.2;21.2;14.2;20.3
23.02.2020 15:37:53;24.0;32.9;25.9;25.6;11.0;42.8;27.3;25.9;21.2;21.2;14.2;20.3
23.02.2020 15:37:55;24.0;32.9;25.9;25.6;11.0;42.8;27.3;25.9;21.2;21.2;14.2;20.4
23.02.2020 15:39:40;24.0;32.9;25.8;25.6;11.0;42.8;27.2;25.9;21.2;21.1;14.1;20.7
23.02.2020 15:39:46;24.0;32.9;25.9;25.6;11.0;42.8;27.2;25.9;21.2;21.1;14.1;20.6
23.02.2020 15:39:52;24.0;32.9;25.8;25.5;11.0;42.8;27.2;25.9;21.2;21.1;14.1;20.5
23.02.2020 15:39:58;24.0;32.8;25.8;25.5;11.0;42.8;27.2;25.9;21.2;21.0;14.1;20.5
23.02.2020 15:40:32;24.0;32.9;25.8;25.5;11.0;42.8;27.2;25.9;21.2;21.0;14.1;20.4
23.02.2020 15:40:38;24.0;32.8;25.8;25.5;11.0;42.8;27.2;25.9;21.2;20.9;14.2;20.4
23.02.2020 15:40:44;24.0;32.9;25.8;25.5;11.0;42.8;27.2;25.9;21.2;20.9;14.2;20.3
23.02.2020 15:40:50;24.1;32.8;25.8;25.5;11.0;42.7;27.2;25.9;21.2;21.0;14.2;20.3
23.02.2020 15:40:56;24.1;32.8;25.8;25.5;11.0;42.7;27.2;25.9;21.2;21.0;14.2;20.3
23.02.2020 15:41:26;24.1;32.8;25.8;25.5;11.0;42.7;27.2;25.9;21.2;21.0;14.1;20.3
23.02.2020 15:41:32;24.1;32.8;25.8;25.5;11.0;42.7;27.2;25.9;21.2;21.1;14.1;20.4
23.02.2020 15:41:38;24.1;32.8;25.8;25.5;11.0;42.7;27.2;25.9;21.2;21.1;14.1;20.4
23.02.2020 15:46:06;23.8;32.7;25.7;25.4;11.0;42.5;27.1;25.7;21.2;21.1;14.1;20.3
23.02.2020 15:46:13;23.8;32.7;25.7;25.4;11.0;42.5;27.0;25.7;21.1;20.9;14.0;19.8
23.02.2020 15:46:55;23.8;32.6;25.7;25.4;11.0;42.5;27.1;25.7;21.2;21.0;14.1;18.6
23.02.2020 15:47:01;23.8;32.6;25.7;25.4;11.0;42.4;27.1;25.7;21.2;21.0;14.1;18.6
23.02.2020 15:47:07;23.8;32.6;25.7;25.4;10.9;42.4;27.0;25.7;21.1;21.0;14.0;18.5
23.02.2020 15:47:13;23.8;32.6;25.7;25.4;11.0;42.4;27.0;25.7;21.1;21.0;14.0;18.5
23.02.2020 15:47:19;23.8;32.6;25.7;25.4;11.0;42.4;27.0;25.7;21.1;21.0;14.0;18.5
23.02.2020 15:47:26;23.8;32.6;25.7;25.4;10.9;42.4;27.0;25.7;21.1;21.0;14.0;18.5
23.02.2020 15:47:32;23.9;32.6;25.7;25.4;11.0;42.4;27.0;25.7;21.1;20.9;14.0;18.5
23.02.2020 15:47:38;23.8;32.6;25.7;25.4;10.9;42.4;27.0;25.7;21.1;20.9;14.0;18.4
23.02.2020 15:47:44;23.8;32.6;25.7;25.4;11.0;42.4;27.0;25.7;21.1;21.0;14.0;18.4
23.02.2020 15:47:50;23.8;32.6;25.6;25.4;11.0;42.4;27.0;25.7;21.1;21.0;14.0;18.4
23.02.2020 15:47:56;23.8;32.6;25.7;25.4;11.0;42.4;27.0;25.7;21.1;21.0;14.0;18.5
23.02.2020 15:48:03;23.8;32.6;25.6;25.4;11.0;42.4;27.0;25.7;21.1;21.0;14.0;18.5
23.02.2020 15:48:09;23.8;32.6;25.7;25.4;11.0;42.4;27.0;25.7;21.1;21.0;14.0;18.5
23.02.2020 15:48:15;23.8;32.6;25.7;25.4;10.9;42.4;27.0;25.7;21.1;21.0;14.0;18.5
23.02.2020 15:48:21;23.9;32.6;25.6;25.4;10.9;42.3;27.0;25.7;21.1;21.0;14.0;18.5
23.02.2020 15:48:27;23.8;32.6;25.6;25.4;11.0;42.4;27.0;25.7;21.1;21.0;14.0;18.5
23.02.2020 15:48:33;23.8;32.6;25.7;25.4;11.0;42.4;27.0;25.7;21.1;21.0;14.0;18.5
23.02.2020 15:48:39;23.8;32.6;25.6;25.4;10.9;42.3;27.0;25.7;21.1;21.0;14.0;18.5
23.02.2020 15:48:45;23.8;32.6;25.6;25.4;10.9;42.3;27.0;25.7;21.1;21.0;14.0;18.6
23.02.2020 15:48:51;23.8;32.6;25.6;25.4;10.9;42.3;27.0;25.6;21.1;21.1;14.0;18.7
23.02.2020 15:48:58;23.9;32.6;25.6;25.4;10.9;42.3;27.0;25.7;21.1;21.0;14.0;18.6
23.02.2020 15:52:25;23.7;32.5;25.6;25.3;11.0;42.2;27.0;25.6;21.1;21.1;13.9;18.7
23.02.2020 15:52:31;23.7;32.5;25.6;25.4;10.9;42.1;26.9;25.6;21.1;21.0;13.9;18.7
23.02.2020 15:52:36;23.7;32.5;25.6;25.4;11.0;42.2;27.0;25.6;21.1;21.0;13.9;18.8
23.02.2020 15:53:36;23.8;32.5;25.5;25.3;11.0;42.1;26.9;25.6;21.1;21.0;14.0;18.8
23.02.2020 15:53:41;23.7;32.5;25.6;25.3;11.0;42.1;26.9;25.6;21.1;21.0;13.9;18.8
23.02.2020 15:53:46;23.7;32.5;25.5;25.3;10.9;42.1;26.9;25.6;21.1;21.0;14.0;18.7
23.02.2020 15:53:56;23.7;32.5;25.5;25.3;10.9;42.1;26.9;25.6;21.1;20.9;13.9;18.7
23.02.2020 15:54:03;23.6;32.5;25.5;25.3;10.9;42.1;26.9;25.6;21.1;20.9;13.9;18.7
23.02.2020 15:55:17;23.6;32.4;25.5;25.3;10.9;42.0;26.8;25.5;21.1;20.8;13.9;18.8
23.02.2020 15:55:23;23.6;32.4;25.5;25.3;10.9;42.0;26.8;25.5;21.1;20.9;13.9;18.9
23.02.2020 15:55:29;23.6;32.4;25.5;25.3;10.9;42.0;26.8;25.5;21.2;20.9;13.9;18.8
23.02.2020 15:55:35;23.5;32.4;25.5;25.2;10.9;42.0;26.8;25.5;21.2;20.9;13.9;18.8
23.02.2020 15:55:41;23.6;32.4;25.5;25.3;10.9;41.9;26.8;25.5;21.1;20.8;13.9;18.8
23.02.2020 15:56:06;23.6;32.4;25.5;25.3;10.9;41.9;26.8;25.5;21.1;20.8;13.9;18.7
23.02.2020 15:56:13;23.6;32.4;25.5;25.3;10.9;41.9;26.8;25.5;21.1;21.0;13.9;18.8
23.02.2020 15:56:19;23.7;32.4;25.5;25.3;10.9;41.9;26.8;25.5;21.1;21.0;13.9;18.9
23.02.2020 15:56:25;23.7;32.4;25.5;25.3;10.9;41.9;26.8;25.5;21.1;21.0;13.9;18.9
23.02.2020 15:56:31;23.7;32.4;25.5;25.3;10.9;41.9;26.8;25.5;21.1;21.0;13.9;18.8
23.02.2020 15:56:38;23.7;32.4;25.5;25.3;10.9;41.9;26.8;25.5;21.1;21.0;13.9;18.8
23.02.2020 15:57:31;23.8;32.4;25.5;25.3;10.9;41.9;26.8;25.5;21.1;21.0;13.9;18.8
23.02.2020 15:57:38;23.8;32.4;25.5;25.3;10.9;41.8;26.8;25.5;21.1;21.0;13.9;18.7
23.02.2020 15:57:44;23.8;32.4;25.5;25.2;10.9;41.8;26.8;25.5;21.1;21.0;13.9;18.8
23.02.2020 15:57:50;23.8;32.4;25.5;25.2;10.9;41.8;26.7;25.5;21.1;21.0;13.9;18.7
23.02.2020 15:57:56;23.7;32.4;25.4;25.2;10.9;41.8;26.7;25.5;21.1;21.0;13.9;18.7
23.02.2020 15:58:03;23.8;32.4;25.4;25.2;10.9;41.8;26.7;25.5;21.1;21.0;13.9;18.6
23.02.2020 15:58:18;23.8;32.3;25.4;25.2;10.9;41.8;26.7;25.5;21.1;21.0;13.9;18.7
23.02.2020 15:59:28;23.7;32.3;25.4;25.2;10.9;41.8;26.8;25.5;21.1;21.0;13.8;18.8
23.02.2020 15:59:34;23.7;32.3;25.4;25.2;10.9;41.8;26.8;25.5;21.1;20.9;13.8;18.9
23.02.2020 15:59:40;23.7;32.3;25.4;25.2;10.9;41.8;26.7;25.5;21.1;20.9;13.8;18.8
23.02.2020 16:00:06;23.5;32.3;25.4;25.2;10.9;41.7;26.7;25.5;21.1;20.9;13.8;18.8
23.02.2020 16:00:13;23.5;32.3;25.4;25.2;10.9;41.7;26.7;25.4;21.1;20.8;13.8;18.8
23.02.2020 16:00:51;23.5;32.3;25.4;25.1;11.0;41.8;26.8;25.5;21.1;20.8;13.7;18.9
23.02.2020 16:00:57;23.5;32.3;25.4;25.1;10.9;41.7;26.7;25.5;21.1;20.8;13.7;19.0
23.02.2020 16:01:20;23.4;32.2;25.4;25.1;10.9;41.7;26.7;25.4;21.1;20.8;13.7;18.9
23.02.2020 16:01:26;23.4;32.3;25.4;25.1;10.9;41.7;26.7;25.4;21.1;20.9;13.7;19.0
23.02.2020 16:01:33;23.3;32.3;25.4;25.1;10.9;41.7;26.7;25.4;21.1;20.9;13.7;19.0
23.02.2020 16:01:39;23.3;32.3;25.4;25.1;10.9;41.7;26.7;25.4;21.1;20.9;13.7;19.0
23.02.2020 16:01:45;23.4;32.3;25.4;25.1;11.0;41.7;26.7;25.4;21.1;20.8;13.8;18.9
23.02.2020 16:01:51;23.3;32.2;25.3;25.1;10.9;41.7;26.7;25.4;21.1;20.8;13.7;19.0
23.02.2020 16:01:57;23.3;32.2;25.3;25.1;11.0;41.7;26.7;25.4;21.1;20.8;13.7;19.0
23.02.2020 16:02:04;23.3;32.2;25.3;25.1;10.9;41.7;26.7;25.4;21.1;20.8;13.7;18.9
23.02.2020 16:02:10;23.3;32.2;25.3;25.1;10.9;41.7;26.7;25.4;21.1;20.8;13.7;18.9
23.02.2020 16:02:16;23.4;32.2;25.3;25.1;10.9;41.7;26.7;25.4;21.1;20.8;13.7;19.0
23.02.2020 16:02:23;23.3;32.2;25.3;25.1;10.9;41.7;26.7;25.4;21.1;20.8;13.7;19.0
23.02.2020 16:02:29;23.4;32.3;25.4;25.1;10.9;41.7;26.7;25.4;21.1;20.8;13.7;19.0
23.02.2020 16:02:35;23.3;32.3;25.4;25.1;10.9;41.7;26.7;25.4;21.1;20.8;13.7;19.0
23.02.2020 16:02:41;23.3;32.2;25.4;25.1;10.9;41.7;26.7;25.4;21.1;20.8;13.7;19.0
23.02.2020 16:02:48;23.3;32.2;25.3;25.1;10.9;41.7;26.7;25.4;21.1;20.8;13.7;19.0
23.02.2020 16:02:54;23.3;32.2;25.3;25.1;10.9;41.7;26.7;25.4;21.1;20.8;13.7;19.0
23.02.2020 16:03:00;23.3;32.2;25.3;25.1;10.9;41.7;26.7;25.4;21.1;20.8;13.7;19.0
23.02.2020 16:03:07;23.4;32.3;25.4;25.1;10.9;41.6;26.7;25.4;21.1;20.8;13.7;19.0
23.02.2020 16:03:13;23.4;32.2;25.3;25.1;11.0;41.7;26.7;25.4;21.1;20.9;13.7;19.1
23.02.2020 16:03:19;23.3;32.2;25.3;25.1;10.9;41.7;26.7;25.4;21.1;20.9;13.7;19.1
23.02.2020 16:03:25;23.3;32.2;25.3;25.1;10.9;41.6;26.7;25.4;21.1;20.8;13.7;19.1
23.02.2020 16:03:32;23.3;32.2;25.3;25.1;10.9;41.6;26.7;25.4;21.1;20.9;13.7;19.1
23.02.2020 16:03:38;23.3;32.2;25.3;25.1;10.9;41.7;26.7;25.4;21.1;20.9;13.7;19.1
23.02.2020 16:03:44;23.3;32.2;25.3;25.1;10.9;41.6;26.7;25.4;21.1;20.9;13.7;19.1
23.02.2020 16:03:50;23.4;32.2;25.3;25.1;10.9;41.6;26.7;25.4;21.1;20.9;13.7;19.0
23.02.2020 16:03:57;23.4;32.2;25.3;25.1;11.0;41.6;26.7;25.4;21.1;21.0;13.7;19.1
23.02.2020 16:04:03;23.4;32.2;25.3;25.1;10.9;41.6;26.7;25.3;21.1;21.0;13.7;19.1
23.02.2020 16:04:09;23.4;32.2;25.3;25.0;10.9;41.6;26.6;25.3;21.1;20.9;13.7;19.1
23.02.2020 16:04:15;23.4;32.2;25.3;25.1;10.9;41.6;26.7;25.4;21.1;20.9;13.8;19.0
23.02.2020 16:04:22;23.4;32.2;25.3;25.1;11.0;41.6;26.7;25.4;21.1;21.0;13.7;18.9
23.02.2020 16:04:28;23.4;32.2;25.3;25.0;10.9;41.6;26.7;25.4;21.1;21.0;13.7;18.9
23.02.2020 16:04:34;23.4;32.1;25.3;25.1;10.9;41.6;26.7;25.4;21.1;21.0;13.7;18.9
23.02.2020 16:04:40;23.4;32.1;25.3;25.0;10.9;41.6;26.7;25.4;21.1;21.0;13.7;18.8
23.02.2020 16:04:47;23.5;32.1;25.3;25.0;11.0;41.6;26.7;25.3;21.1;21.0;13.7;18.8
23.02.2020 16:04:53;23.5;32.2;25.3;25.1;11.0;41.6;26.7;25.3;21.1;21.0;13.7;18.8
23.02.2020 16:04:59;23.5;32.1;25.3;25.0;10.9;41.5;26.6;25.3;21.1;21.0;13.7;18.8
23.02.2020 16:05:05;23.5;32.2;25.3;25.0;11.0;41.5;26.6;25.3;21.1;21.0;13.7;18.8
23.02.2020 16:05:11;23.5;32.1;25.3;25.1;11.0;41.5;26.6;25.3;21.1;20.9;13.7;18.9
23.02.2020 16:05:18;23.5;32.1;25.3;25.0;10.9;41.6;26.7;25.4;21.1;20.9;13.7;18.9
23.02.2020 16:05:24;23.5;32.2;25.3;25.1;10.9;41.5;26.6;25.3;21.1;20.9;13.7;18.9
23.02.2020 16:05:30;23.5;32.1;25.3;25.1;10.9;41.5;26.6;25.3;21.1;20.9;13.7;18.9
23.02.2020 16:05:36;23.5;32.1;25.3;25.0;10.9;41.5;26.6;25.3;21.1;20.9;13.7;18.9
23.02.2020 16:05:43;23.5;32.1;25.3;25.0;10.9;41.5;26.6;25.3;21.1;20.9;13.7;18.8
23.02.2020 16:05:49;23.5;32.1;25.3;25.1;10.9;41.5;26.6;25.3;21.1;20.9;13.7;18.8
23.02.2020 16:05:55;23.5;32.1;25.3;25.0;10.9;41.5;26.6;25.3;21.1;20.9;13.7;18.9
23.02.2020 16:06:01;23.5;32.1;25.3;25.0;10.9;41.5;26.6;25.3;21.1;20.9;13.7;19.0
23.02.2020 16:06:08;23.5;32.1;25.3;25.0;10.9;41.5;26.6;25.3;21.1;21.0;13.7;19.0
23.02.2020 16:06:14;23.6;32.1;25.3;25.0;10.9;41.5;26.6;25.3;21.1;21.0;13.7;19.0
23.02.2020 16:06:20;23.6;32.1;25.3;25.0;10.9;41.5;26.6;25.3;21.1;21.0;13.7;19.0
23.02.2020 16:06:26;23.6;32.1;25.3;25.0;10.9;41.5;26.6;25.3;21.1;21.0;13.7;19.0
23.02.2020 16:06:32;23.6;32.1;25.3;25.0;10.9;41.5;26.6;25.3;21.1;21.0;13.7;19.0
23.02.2020 16:06:39;23.6;32.1;25.3;25.0;10.9;41.5;26.6;25.3;21.1;21.0;13.7;19.0
23.02.2020 16:06:45;23.6;32.1;25.3;25.0;10.9;41.5;26.6;25.3;21.1;21.0;13.7;19.0
23.02.2020 16:06:51;23.6;32.1;25.3;25.0;10.9;41.5;26.6;25.3;21.1;21.0;13.7;19.0
23.02.2020 16:06:57;23.6;32.1;25.3;25.0;10.9;41.5;26.6;25.3;21.1;20.9;13.7;19.1
23.02.2020 16:07:03;23.6;32.1;25.3;25.0;10.9;41.5;26.6;25.3;21.1;21.0;13.7;19.2
23.02.2020 16:07:10;23.6;32.1;25.3;25.0;10.9;41.5;26.6;25.3;21.1;20.9;13.7;19.2
23.02.2020 16:07:16;23.6;32.1;25.3;25.1;10.9;41.5;26.6;25.3;21.1;20.9;13.7;19.2
23.02.2020 16:07:22;23.6;32.1;25.3;25.0;10.9;41.5;26.6;25.3;21.1;20.9;13.7;19.2
23.02.2020 16:07:28;23.7;32.1;25.3;25.1;10.9;41.4;26.6;25.3;21.1;20.9;13.7;19.1
23.02.2020 16:07:35;23.6;32.1;25.3;25.0;10.9;41.4;26.6;25.3;21.1;21.0;13.7;19.2
23.02.2020 16:07:41;23.6;32.1;25.2;25.0;10.9;41.5;26.6;25.3;21.1;21.0;13.7;19.2
23.02.2020 16:07:47;23.6;32.1;25.2;25.0;10.9;41.4;26.6;25.3;21.1;20.9;13.8;19.2
23.02.2020 16:07:53;23.7;32.1;25.3;25.0;10.9;41.4;26.6;25.3;21.1;20.9;13.8;19.1
23.02.2020 16:08:00;23.7;32.1;25.3;25.0;10.9;41.4;26.6;25.3;21.1;20.9;13.8;19.0
23.02.2020 16:08:06;23.7;32.1;25.2;25.0;10.9;41.4;26.6;25.3;21.1;20.9;13.8;19.1
23.02.2020 16:08:12;23.7;32.1;25.2;25.0;10.9;41.4;26.6;25.3;21.1;21.0;13.7;19.2
23.02.2020 16:08:18;23.7;32.1;25.2;25.0;10.9;41.4;26.6;25.3;21.1;21.0;13.7;19.1
23.02.2020 16:08:24;23.7;32.1;25.2;25.0;10.9;41.4;26.6;25.3;21.1;20.9;13.7;19.1
23.02.2020 16:08:31;23.7;32.1;25.2;25.0;10.9;41.4;26.6;25.3;21.1;20.9;13.7;19.0
23.02.2020 16:08:37;23.7;32.1;25.2;25.0;10.9;41.4;26.6;25.3;21.1;21.0;13.7;19.1
23.02.2020 16:08:43;23.7;32.0;25.2;25.0;10.9;41.4;26.6;25.3;21.1;20.9;13.7;19.1
23.02.2020 16:08:49;23.7;32.1;25.2;25.0;10.9;41.4;26.6;25.3;21.1;20.9;13.7;19.0
23.02.2020 16:08:56;23.7;32.1;25.3;25.0;10.9;41.4;26.6;25.3;21.1;20.9;13.7;19.0
23.02.2020 16:09:02;23.7;32.0;25.2;25.0;10.9;41.4;26.6;25.3;21.1;20.9;13.7;19.1
23.02.2020 16:09:08;23.7;32.0;25.2;25.0;10.9;41.4;26.6;25.3;21.1;20.9;13.7;19.1
23.02.2020 16:09:14;23.7;32.0;25.2;25.0;10.9;41.4;26.6;25.3;21.1;20.9;13.7;19.1
23.02.2020 16:09:21;23.7;32.0;25.2;25.0;10.9;41.4;26.6;25.3;21.1;20.9;13.7;19.1
23.02.2020 16:09:27;23.7;32.0;25.2;25.0;10.9;41.4;26.6;25.3;21.1;20.9;13.7;19.0
23.02.2020 16:09:33;23.7;32.0;25.3;25.0;10.9;41.4;26.6;25.3;21.1;21.0;13.7;19.0
23.02.2020 16:09:39;23.7;32.0;25.2;25.0;10.9;41.4;26.5;25.3;21.1;20.9;13.6;19.0
23.02.2020 16:09:46;23.7;32.0;25.2;25.0;10.9;41.4;26.6;25.3;21.1;20.9;13.7;19.0
23.02.2020 16:09:52;23.7;32.0;25.2;25.0;10.9;41.4;26.6;25.3;21.1;20.9;13.7;19.0
23.02.2020 16:09:58;23.7;32.0;25.2;25.0;10.9;41.4;26.5;25.3;21.1;20.8;13.7;19.0
23.02.2020 16:10:04;23.6;32.0;25.2;25.0;10.9;41.4;26.5;25.3;21.1;20.8;13.7;19.0
23.02.2020 16:10:11;23.6;32.0;25.2;25.0;10.9;41.4;26.5;25.3;21.1;20.8;13.7;19.0
23.02.2020 16:10:37;23.5;32.0;25.2;25.0;10.9;41.3;26.5;25.2;21.1;20.8;13.6;19.1
23.02.2020 16:10:43;23.5;32.0;25.2;24.9;10.9;41.3;26.5;25.2;21.1;20.7;13.6;19.1
23.02.2020 16:10:49;23.5;32.0;25.2;24.9;10.9;41.3;26.5;25.2;21.1;20.7;13.6;19.1
23.02.2020 16:10:56;23.5;32.0;25.2;25.0;10.9;41.3;26.5;25.2;21.1;20.7;13.6;19.0
23.02.2020 16:11:02;23.5;32.0;25.2;25.0;10.9;41.3;26.5;25.3;21.1;20.7;13.6;18.9
23.02.2020 16:11:08;23.5;32.0;25.2;24.9;10.9;41.3;26.5;25.2;21.1;20.8;13.6;19.0
23.02.2020 16:11:14;23.5;32.0;25.2;25.0;10.9;41.3;26.5;25.2;21.1;20.8;13.7;19.0
23.02.2020 16:11:21;23.6;32.0;25.2;24.9;10.9;41.3;26.5;25.2;21.1;20.8;13.6;19.0
23.02.2020 16:11:27;23.6;32.0;25.2;24.9;10.9;41.3;26.5;25.2;21.1;20.8;13.6;18.9
23.02.2020 16:11:33;23.6;32.0;25.2;25.0;10.9;41.3;26.5;25.2;21.1;20.8;13.7;18.9
23.02.2020 16:11:40;23.6;32.0;25.2;24.9;10.9;41.3;26.5;25.3;21.1;20.8;13.7;18.8
23.02.2020 16:13:45;23.5;32.0;25.2;24.9;10.8;41.2;26.4;25.2;21.1;20.9;13.7;19.2
23.02.2020 16:13:51;23.5;32.0;25.1;24.9;10.8;41.2;26.4;25.2;21.1;20.8;13.7;19.2
23.02.2020 16:14:07;23.5;31.9;25.1;24.9;10.9;41.2;26.5;25.2;21.1;20.8;13.7;18.9
23.02.2020 16:14:14;23.6;31.9;25.1;24.9;10.9;41.2;26.5;25.2;21.1;20.8;13.7;19.0
23.02.2020 16:14:21;23.6;31.9;25.1;24.9;10.9;41.2;26.5;25.2;21.1;20.8;13.7;19.0
23.02.2020 16:14:27;23.6;31.9;25.1;24.9;10.9;41.2;26.4;25.2;21.1;20.8;13.7;18.9
23.02.2020 16:16:04;23.6;31.9;25.1;24.9;10.9;41.2;26.4;25.2;21.1;20.8;13.7;19.2
23.02.2020 16:17:22;23.7;31.8;25.1;24.8;10.9;41.1;26.4;25.1;21.1;20.8;13.6;19.1
23.02.2020 16:17:28;23.7;31.8;25.1;24.8;10.9;41.1;26.4;25.1;21.1;20.9;13.6;19.2
23.02.2020 16:17:34;23.7;31.8;25.1;24.8;10.8;41.1;26.4;25.1;21.1;20.9;13.6;19.2
23.02.2020 16:17:41;23.7;31.8;25.1;24.8;10.9;41.1;26.3;25.1;21.1;20.8;13.6;19.2
23.02.2020 16:17:47;23.7;31.8;25.1;24.8;10.9;41.0;26.3;25.1;21.1;20.9;13.6;19.1
23.02.2020 16:17:53;23.7;31.8;25.1;24.8;10.9;41.0;26.4;25.1;21.1;20.9;13.6;19.0
23.02.2020 16:18:00;23.7;31.8;25.1;24.8;10.9;41.1;26.4;25.1;21.1;20.9;13.6;19.1
23.02.2020 16:18:06;23.7;31.8;25.1;24.8;10.9;41.0;26.4;25.1;21.1;20.9;13.6;19.2
23.02.2020 16:18:12;23.7;31.8;25.1;24.8;10.9;41.0;26.4;25.1;21.1;20.8;13.6;19.1
23.02.2020 16:18:18;23.7;31.8;25.1;24.8;10.9;41.0;26.4;25.1;21.1;20.8;13.6;19.1
23.02.2020 16:18:24;23.7;31.8;25.0;24.8;10.9;41.1;26.4;25.1;21.1;20.8;13.6;19.1
23.02.2020 16:18:31;23.7;31.8;25.1;24.8;10.9;41.0;26.4;25.1;21.1;20.8;13.6;19.1
23.02.2020 16:18:37;23.7;31.8;25.1;24.8;10.9;41.0;26.3;25.1;21.1;20.8;13.6;19.0
23.02.2020 16:18:43;23.7;31.8;25.1;24.8;10.9;41.0;26.3;25.1;21.1;20.8;13.6;19.1
23.02.2020 16:18:50;23.7;31.8;25.1;24.8;10.9;41.0;26.3;25.1;21.1;20.8;13.6;19.2
23.02.2020 16:18:56;23.7;31.8;25.0;24.8;10.9;41.0;26.3;25.1;21.1;20.9;13.6;19.2
23.02.2020 16:19:02;23.6;31.8;25.0;24.8;10.9;41.0;26.3;25.1;21.1;20.9;13.6;19.2
23.02.2020 16:19:08;23.6;31.8;25.0;24.8;10.9;41.0;26.3;25.1;21.1;20.8;13.6;19.2
23.02.2020 16:19:15;23.6;31.8;25.0;24.8;10.9;41.0;26.3;25.1;21.1;20.8;13.6;19.2
23.02.2020 16:19:21;23.7;31.8;25.0;24.8;10.9;41.0;26.3;25.1;21.1;20.9;13.6;19.2
23.02.2020 16:19:27;23.7;31.8;25.0;24.8;10.9;41.0;26.3;25.1;21.1;20.9;13.6;19.2
23.02.2020 16:19:33;23.7;31.8;25.1;24.8;10.9;41.0;26.3;25.1;21.1;20.9;13.6;19.2
23.02.2020 16:19:39;23.7;31.8;25.1;24.8;10.9;41.0;26.3;25.1;21.1;20.9;13.6;19.1
23.02.2020 16:19:46;23.7;31.8;25.0;24.8;10.9;41.0;26.3;25.1;21.1;20.9;13.6;19.1
23.02.2020 16:19:52;23.7;31.8;25.0;24.8;10.9;41.0;26.3;25.1;21.1;21.0;13.6;19.1
23.02.2020 16:19:58;23.7;31.8;25.1;24.8;10.9;41.0;26.3;25.1;21.1;21.0;13.6;19.1
23.02.2020 16:20:04;23.7;31.8;25.1;24.8;10.9;41.0;26.3;25.1;21.1;20.9;13.6;19.1
23.02.2020 16:20:11;23.7;31.8;25.0;24.8;10.9;41.0;26.3;25.1;21.1;20.9;13.6;19.2
23.02.2020 16:20:17;23.7;31.8;25.0;24.8;10.8;40.9;26.3;25.1;21.1;20.9;13.6;19.2
23.02.2020 16:20:23;23.7;31.8;25.0;24.8;10.9;41.0;26.3;25.1;21.1;21.0;13.6;19.2
23.02.2020 16:20:29;23.7;31.8;25.1;24.8;10.9;41.0;26.3;25.1;21.1;21.0;13.6;19.2
23.02.2020 16:20:35;23.7;31.8;25.0;24.8;10.9;40.9;26.3;25.0;21.1;21.0;13.6;19.2
23.02.2020 16:20:42;23.7;31.8;25.0;24.8;10.9;40.9;26.3;25.1;21.1;21.0;13.6;19.3
23.02.2020 16:20:48;23.7;31.8;25.0;24.8;10.9;40.9;26.3;25.0;21.1;20.9;13.6;19.3
23.02.2020 16:20:54;23.7;31.8;25.0;24.8;10.9;40.9;26.3;25.1;21.1;20.9;13.6;19.3
23.02.2020 16:21:01;23.7;31.7;25.0;24.7;10.9;40.9;26.3;25.1;21.1;20.9;13.6;19.2
23.02.2020 16:21:07;23.7;31.7;25.0;24.7;10.9;40.9;26.3;25.1;21.1;20.9;13.6;19.2
23.02.2020 16:21:13;23.7;31.8;25.0;24.8;10.9;40.9;26.3;25.0;21.1;20.9;13.6;19.2
23.02.2020 16:21:19;23.7;31.8;25.0;24.8;10.8;40.9;26.3;25.1;21.1;20.9;13.6;19.3
23.02.2020 16:21:25;23.7;31.8;25.0;24.8;10.9;40.9;26.3;25.0;21.1;20.9;13.6;19.3
23.02.2020 16:21:32;23.7;31.8;25.0;24.8;10.9;40.9;26.3;25.0;21.1;20.9;13.6;19.3
23.02.2020 16:21:38;23.7;31.8;25.0;24.8;10.9;40.9;26.3;25.1;21.1;20.9;13.6;19.3
23.02.2020 16:21:44;23.6;31.8;25.0;24.8;10.9;40.9;26.3;25.1;21.1;20.9;13.6;19.3
23.02.2020 16:21:50;23.6;31.7;25.0;24.7;10.9;40.9;26.3;25.0;21.1;20.8;13.5;19.3
23.02.2020 16:21:57;23.6;31.7;25.0;24.7;10.9;40.9;26.3;25.0;21.1;20.9;13.6;19.3
23.02.2020 16:22:03;23.6;31.7;25.0;24.7;10.9;40.8;26.3;25.0;21.1;20.8;13.5;19.3
23.02.2020 16:22:09;23.5;31.7;25.0;24.7;10.9;40.8;26.3;25.0;21.1;20.8;13.5;19.2
23.02.2020 16:22:15;23.5;31.7;25.0;24.8;10.9;40.8;26.3;25.0;21.1;20.8;13.5;19.3
23.02.2020 16:22:21;23.5;31.7;25.0;24.7;10.8;40.8;26.3;25.0;21.1;20.8;13.5;19.3
23.02.2020 16:22:28;23.5;31.7;25.0;24.7;10.9;40.8;26.3;25.0;21.1;20.9;13.5;19.3
23.02.2020 16:22:34;23.5;31.7;25.0;24.7;10.9;40.8;26.3;25.0;21.1;20.9;13.5;19.3
23.02.2020 16:22:40;23.5;31.7;25.0;24.7;10.8;40.8;26.3;25.0;21.1;20.8;13.5;19.3
23.02.2020 16:22:46;23.5;31.7;25.0;24.7;10.9;40.8;26.3;25.0;21.1;20.9;13.5;19.3
23.02.2020 16:22:53;23.5;31.7;25.0;24.7;10.9;40.8;26.3;25.0;21.1;20.8;13.5;19.3
23.02.2020 16:22:59;23.5;31.7;25.0;24.7;10.9;40.8;26.3;25.0;21.1;20.8;13.5;19.3
23.02.2020 16:23:05;23.5;31.7;25.0;24.7;10.9;40.8;26.3;25.0;21.1;20.8;13.5;19.3
23.02.2020 16:23:11;23.4;31.7;25.0;24.7;10.9;40.8;26.3;25.0;21.1;20.8;13.5;19.2
23.02.2020 16:23:18;23.4;31.7;25.0;24.7;10.9;40.8;26.3;25.0;21.1;20.8;13.5;19.3
23.02.2020 16:23:24;23.4;31.7;25.0;24.7;10.9;40.8;26.3;25.0;21.1;20.8;13.5;19.2
23.02.2020 16:23:30;23.4;31.7;25.0;24.7;10.9;40.7;26.3;25.0;21.1;20.8;13.5;19.2
23.02.2020 16:23:36;23.5;31.7;25.0;24.7;10.9;40.7;26.3;25.0;21.1;20.9;13.5;19.2
23.02.2020 16:23:42;23.5;31.7;25.0;24.7;10.9;40.7;26.3;25.0;21.1;20.8;13.5;19.1
23.02.2020 16:23:52;23.4;31.7;25.0;24.7;10.9;40.7;26.3;25.1;21.1;20.8;13.5;19.2
23.02.2020 16:23:58;23.4;31.7;24.9;24.7;10.9;40.7;26.3;25.0;21.1;20.8;13.5;19.2
23.02.2020 16:24:04;23.5;31.7;25.0;24.7;10.9;40.7;26.3;25.0;21.1;20.8;13.5;19.2
23.02.2020 16:24:10;23.5;31.7;25.0;24.7;10.9;40.7;26.3;25.0;21.1;20.9;13.6;19.3
23.02.2020 16:24:16;23.5;31.7;24.9;24.7;10.9;40.7;26.3;25.0;21.1;20.9;13.6;19.2
23.02.2020 16:24:23;23.5;31.7;24.9;24.7;10.9;40.7;26.3;25.0;21.1;21.0;13.6;19.2
23.02.2020 16:24:29;23.5;31.7;24.9;24.7;10.9;40.7;26.3;25.0;21.1;21.0;13.6;19.3
23.02.2020 16:24:35;23.5;31.7;25.0;24.7;10.9;40.7;26.3;25.0;21.1;21.0;13.5;19.3
23.02.2020 16:24:41;23.5;31.7;24.9;24.7;10.9;40.6;26.2;25.0;21.1;21.0;13.5;19.3
23.02.2020 16:24:48;23.5;31.7;24.9;24.7;10.9;40.6;26.3;25.0;21.1;21.0;13.5;19.3
23.02.2020 16:24:54;23.5;31.7;24.9;24.7;10.9;40.6;26.2;25.0;21.1;21.0;13.5;19.3
23.02.2020 16:25:00;23.5;31.6;24.9;24.7;10.8;40.6;26.2;25.0;21.1;21.0;13.5;19.3
23.02.2020 16:25:06;23.5;31.7;24.9;24.7;10.9;40.6;26.2;25.0;21.1;21.0;13.5;19.3
23.02.2020 16:25:13;23.5;31.6;24.9;24.7;10.9;40.6;26.2;25.0;21.1;21.0;13.5;19.3
23.02.2020 16:25:19;23.5;31.6;24.9;24.7;10.9;40.6;26.2;25.0;21.1;21.0;13.5;19.3
23.02.2020 16:25:25;23.5;31.6;24.9;24.7;10.9;40.6;26.2;25.0;21.1;20.9;13.5;19.3
23.02.2020 16:25:31;23.5;31.6;24.9;24.7;10.9;40.6;26.2;25.0;21.1;20.9;13.5;19.3
23.02.2020 16:25:37;23.5;31.7;24.9;24.7;10.9;40.6;26.2;25.0;21.1;20.9;13.5;19.3
23.02.2020 16:25:44;23.5;31.6;24.9;24.7;10.9;40.6;26.2;25.0;21.1;20.8;13.5;19.4
23.02.2020 16:25:50;23.5;31.7;25.0;24.7;10.8;40.6;26.2;25.0;21.1;20.8;13.5;19.4
23.02.2020 16:25:56;23.5;31.7;24.9;24.7;10.8;40.5;26.2;25.0;21.1;20.8;13.5;19.4
23.02.2020 16:26:02;23.4;31.6;24.9;24.7;10.9;40.5;26.2;25.0;21.1;20.9;13.5;19.3
23.02.2020 16:26:09;23.5;31.6;24.9;24.7;10.9;40.5;26.2;25.0;21.1;20.9;13.5;19.3
23.02.2020 16:26:15;23.5;31.7;24.9;24.7;10.9;40.5;26.2;25.0;21.1;20.9;13.5;19.3
23.02.2020 16:26:41;23.5;31.6;24.9;24.6;10.8;40.5;26.2;25.0;21.1;20.9;13.6;19.3
23.02.2020 16:26:47;23.4;31.6;24.9;24.7;10.9;40.4;26.1;25.0;21.1;20.9;13.6;19.3
23.02.2020 16:26:54;23.5;31.6;24.9;24.7;10.9;40.5;26.2;25.0;21.1;20.8;13.6;19.3
23.02.2020 16:27:00;23.5;31.6;24.9;24.7;10.9;40.4;26.2;25.0;21.1;20.8;13.6;19.3
23.02.2020 16:27:37;23.5;31.6;24.9;24.7;10.8;40.4;26.1;24.9;21.1;20.8;13.6;19.3
23.02.2020 16:27:43;23.5;31.6;24.9;24.7;10.9;40.4;26.1;24.9;21.1;20.8;13.6;19.3
23.02.2020 16:27:49;23.4;31.6;24.8;24.6;10.9;40.4;26.1;25.0;21.1;20.8;13.6;19.2
23.02.2020 16:27:55;23.4;31.6;24.9;24.6;10.9;40.4;26.1;25.0;21.1;20.8;13.6;19.3
23.02.2020 16:28:32;23.4;31.5;24.8;24.6;10.8;40.3;26.1;24.9;21.1;20.8;13.6;19.3
23.02.2020 16:28:38;23.4;31.6;24.9;24.7;10.8;40.3;26.1;24.9;21.1;20.7;13.6;19.2
23.02.2020 16:28:44;23.4;31.5;24.8;24.6;10.9;40.3;26.1;24.9;21.1;20.7;13.6;19.3
23.02.2020 16:28:50;23.4;31.6;24.9;24.6;10.9;40.3;26.1;24.9;21.1;20.8;13.6;19.3
23.02.2020 16:29:27;23.4;31.5;24.8;24.6;10.9;40.3;26.1;24.9;21.1;20.8;13.5;19.3
23.02.2020 16:29:33;23.4;31.5;24.8;24.6;10.8;40.2;26.1;24.9;21.1;20.8;13.6;19.3
23.02.2020 16:29:39;23.4;31.5;24.8;24.6;10.9;40.2;26.1;24.9;21.1;20.8;13.5;19.3
23.02.2020 16:29:46;23.4;31.5;24.8;24.6;10.9;40.2;26.1;24.9;21.1;20.9;13.5;19.3
23.02.2020 16:30:22;23.5;31.5;24.8;24.6;10.8;40.2;26.1;24.9;21.1;20.9;13.5;19.3
23.02.2020 16:30:28;23.4;31.5;24.8;24.6;10.9;40.2;26.1;24.9;21.1;20.8;13.5;19.3
23.02.2020 16:30:34;23.4;31.5;24.8;24.6;10.9;40.2;26.1;24.9;21.1;20.8;13.5;19.4
23.02.2020 16:30:41;23.4;31.5;24.8;24.6;10.9;40.2;26.1;24.9;21.1;20.8;13.5;19.4
23.02.2020 16:31:17;23.3;31.5;24.8;24.6;10.8;40.1;26.1;24.9;21.1;20.8;13.5;19.3
23.02.2020 16:31:24;23.3;31.5;24.8;24.6;10.9;40.1;26.1;24.9;21.1;20.8;13.5;19.3
23.02.2020 16:31:30;23.3;31.5;24.8;24.6;10.9;40.1;26.1;24.9;21.1;20.9;13.5;19.3
23.02.2020 16:31:36;23.4;31.5;24.8;24.6;10.9;40.1;26.1;24.9;21.1;20.8;13.5;19.3
23.02.2020 16:32:13;23.4;31.4;24.7;24.6;10.9;40.1;26.0;24.9;21.1;20.8;13.5;19.2
23.02.2020 16:32:19;23.4;31.4;24.7;24.5;10.9;40.1;26.0;24.9;21.1;20.8;13.4;19.2
23.02.2020 16:32:25;23.4;31.5;24.8;24.6;10.8;40.1;26.0;24.9;21.1;20.8;13.4;19.2
23.02.2020 16:32:31;23.3;31.5;24.8;24.6;10.9;40.0;26.0;24.9;21.1;20.8;13.4;19.2
23.02.2020 16:33:08;23.3;31.4;24.7;24.5;10.8;40.0;26.0;24.8;21.1;20.8;13.4;19.3
23.02.2020 16:33:14;23.3;31.4;24.7;24.6;10.8;40.0;26.0;24.8;21.1;20.8;13.4;19.3
23.02.2020 16:33:20;23.4;31.4;24.8;24.5;10.9;40.0;26.0;24.8;21.1;20.8;13.4;19.3
23.02.2020 16:33:26;23.4;31.4;24.8;24.5;10.9;40.0;26.0;24.8;21.1;20.8;13.4;19.4
23.02.2020 16:34:03;23.4;31.4;24.8;24.6;10.9;40.0;26.0;24.8;21.1;20.8;13.4;19.3
23.02.2020 16:34:09;23.4;31.4;24.7;24.5;10.8;39.9;26.0;24.8;21.1;20.8;13.4;19.3
23.02.2020 16:34:15;23.4;31.4;24.7;24.5;10.8;40.0;26.0;24.8;21.1;20.8;13.4;19.3
23.02.2020 16:34:22;23.4;31.4;24.8;24.5;10.8;39.9;26.0;24.8;21.1;20.8;13.4;19.3
23.02.2020 16:34:58;23.4;31.4;24.7;24.5;10.9;39.9;26.0;24.8;21.1;20.8;13.5;19.3
23.02.2020 16:35:04;23.4;31.4;24.7;24.5;10.9;39.9;26.0;24.8;21.1;20.9;13.5;19.3
23.02.2020 16:35:11;23.4;31.4;24.7;24.5;10.9;39.9;26.0;24.8;21.1;20.9;13.5;19.3
23.02.2020 16:35:17;23.4;31.4;24.7;24.5;10.8;39.9;26.0;24.8;21.1;20.9;13.5;19.3
23.02.2020 16:35:53;23.5;31.4;24.7;24.5;10.8;39.9;26.0;24.8;21.1;20.9;13.5;19.3
23.02.2020 16:36:00;23.5;31.4;24.7;24.5;10.9;39.9;26.0;24.8;21.1;20.9;13.5;19.2
23.02.2020 16:36:06;23.5;31.4;24.7;24.5;10.8;39.9;26.0;24.8;21.1;20.9;13.5;19.2
23.02.2020 16:36:12;23.5;31.4;24.7;24.5;10.8;39.9;26.0;24.8;21.1;20.9;13.5;19.2
23.02.2020 16:36:49;23.4;31.4;24.7;24.5;10.8;39.8;26.0;24.8;21.1;20.9;13.5;19.2
23.02.2020 16:36:55;23.4;31.4;24.7;24.5;10.8;39.8;26.0;24.8;21.1;20.8;13.6;19.1
23.02.2020 16:37:01;23.4;31.4;24.7;24.5;10.8;39.8;25.9;24.8;21.1;20.8;13.5;19.1
23.02.2020 16:37:07;23.4;31.3;24.7;24.5;10.8;39.8;25.9;24.8;21.1;20.8;13.5;19.1
23.02.2020 16:38:10;23.5;31.3;24.7;24.5;10.9;39.7;25.9;24.8;21.1;20.8;13.6;19.2
23.02.2020 16:38:21;23.4;31.3;24.7;24.5;10.9;39.7;25.9;24.8;21.1;20.8;13.6;19.3
23.02.2020 16:38:32;23.4;31.3;24.7;24.4;10.8;39.7;25.9;24.8;21.1;20.8;13.6;19.3
23.02.2020 16:38:44;23.5;31.3;24.7;24.5;10.8;39.7;25.9;24.8;21.1;20.9;13.5;19.3
23.02.2020 16:38:55;23.5;31.3;24.7;24.4;10.9;39.7;25.9;24.8;21.1;20.9;13.5;19.2
23.02.2020 16:39:06;23.4;31.3;24.7;24.4;10.8;39.7;25.9;24.7;21.1;20.9;13.5;19.2
23.02.2020 16:39:17;23.3;31.3;24.7;24.4;10.8;39.7;25.9;24.8;21.1;20.8;13.5;19.2
23.02.2020 16:39:29;23.2;31.3;24.7;24.5;10.8;39.6;25.9;24.7;21.1;20.8;13.5;19.0
23.02.2020 16:39:40;23.2;31.3;24.7;24.4;10.8;39.7;25.9;24.8;21.1;20.8;13.5;19.1
23.02.2020 16:39:51;23.2;31.3;24.7;24.4;10.9;39.7;25.9;24.8;21.1;20.8;13.5;19.2
23.02.2020 16:40:02;23.2;31.3;24.7;24.4;10.8;39.6;25.9;24.7;21.1;20.8;13.4;19.2
23.02.2020 16:40:13;23.2;31.3;24.6;24.4;10.8;39.6;25.9;24.7;21.1;20.8;13.4;19.2
23.02.2020 16:40:25;23.2;31.3;24.6;24.4;10.8;39.6;25.9;24.7;21.1;20.8;13.5;19.2
23.02.2020 16:40:36;23.1;31.2;24.6;24.4;10.8;39.6;25.9;24.7;21.1;20.8;13.5;19.3
23.02.2020 16:40:47;23.1;31.2;24.6;24.4;10.8;39.6;25.9;24.7;21.0;20.8;13.4;19.2
23.02.2020 16:40:58;23.2;31.3;24.6;24.4;10.8;39.6;25.9;24.7;21.1;20.8;13.5;19.2
23.02.2020 16:41:10;23.2;31.3;24.6;24.4;10.8;39.6;25.9;24.7;21.1;20.8;13.5;19.2
23.02.2020 16:41:21;23.2;31.3;24.6;24.4;10.8;39.6;25.8;24.7;21.1;20.9;13.5;19.2
23.02.2020 16:41:32;23.2;31.3;24.6;24.4;10.8;39.6;25.9;24.7;21.1;20.9;13.5;19.2
23.02.2020 16:41:43;23.2;31.2;24.6;24.4;10.8;39.6;25.9;24.7;21.1;20.9;13.5;19.2
23.02.2020 16:41:55;23.3;31.2;24.6;24.4;10.8;39.5;25.8;24.7;21.1;20.9;13.5;19.3
23.02.2020 16:42:06;23.2;31.2;24.6;24.4;10.8;39.5;25.8;24.7;21.1;20.9;13.5;19.3
23.02.2020 16:42:17;23.2;31.2;24.6;24.4;10.8;39.5;25.8;24.7;21.1;20.9;13.5;19.3
23.02.2020 16:42:28;23.3;31.2;24.6;24.4;10.8;39.5;25.8;24.7;21.1;20.9;13.5;19.2
23.02.2020 16:42:40;23.3;31.2;24.6;24.4;10.8;39.5;25.8;24.7;21.1;20.9;13.5;19.3
23.02.2020 16:42:51;23.3;31.2;24.6;24.4;10.8;39.5;25.8;24.7;21.1;20.9;13.4;19.3
23.02.2020 16:43:02;23.3;31.2;24.6;24.4;10.8;39.5;25.8;24.7;21.1;20.8;13.5;19.3
23.02.2020 16:43:13;23.2;31.2;24.6;24.4;10.8;39.5;25.8;24.6;21.1;20.8;13.4;19.2
23.02.2020 16:43:25;23.2;31.2;24.6;24.4;10.8;39.5;25.8;24.7;21.0;20.8;13.4;19.2
23.02.2020 16:43:36;23.2;31.2;24.6;24.4;10.8;39.5;25.8;24.7;21.1;20.8;13.4;19.2
23.02.2020 16:43:47;23.2;31.2;24.5;24.3;10.8;39.5;25.8;24.6;21.0;20.7;13.4;19.2
23.02.2020 16:43:58;23.2;31.2;24.6;24.4;10.8;39.5;25.8;24.6;21.1;20.8;13.4;19.2
23.02.2020 16:44:10;23.2;31.2;24.6;24.3;10.8;39.5;25.8;24.6;21.1;20.8;13.3;19.2
23.02.2020 16:44:21;23.2;31.1;24.6;24.3;10.8;39.4;25.7;24.6;21.0;20.8;13.4;19.2
23.02.2020 16:44:32;23.3;31.1;24.5;24.3;10.8;39.5;25.8;24.6;21.1;20.8;13.4;19.2
23.02.2020 16:44:43;23.3;31.1;24.6;24.3;10.8;39.4;25.8;24.7;21.0;20.8;13.4;19.2
23.02.2020 16:44:55;23.3;31.1;24.5;24.3;10.8;39.5;25.8;24.7;21.1;20.9;13.4;19.2
23.02.2020 16:45:06;23.3;31.1;24.5;24.3;10.8;39.4;25.8;24.6;21.0;20.8;13.5;19.2
23.02.2020 16:45:17;23.2;31.1;24.5;24.3;10.8;39.4;25.8;24.6;21.0;20.8;13.5;19.2
23.02.2020 16:45:28;23.2;31.1;24.5;24.3;10.8;39.4;25.8;24.6;21.0;20.9;13.5;19.2
23.02.2020 16:45:40;23.2;31.1;24.5;24.3;10.8;39.4;25.7;24.6;21.0;20.8;13.4;19.3
23.02.2020 16:45:51;23.3;31.1;24.5;24.3;10.8;39.4;25.7;24.6;21.1;20.9;13.5;19.3
23.02.2020 16:46:02;23.3;31.2;24.6;24.3;10.8;39.4;25.7;24.6;21.0;20.9;13.4;19.2
23.02.2020 16:46:13;23.3;31.1;24.5;24.4;10.8;39.4;25.7;24.6;21.0;20.8;13.4;19.1
23.02.2020 16:46:24;23.3;31.1;24.5;24.3;10.8;39.4;25.7;24.6;21.0;20.8;13.3;19.2
23.02.2020 16:46:36;23.2;31.1;24.5;24.3;10.8;39.4;25.7;24.6;21.1;20.8;13.3;19.2
23.02.2020 16:46:47;23.1;31.1;24.5;24.3;10.8;39.4;25.7;24.6;21.0;20.8;13.3;19.3
23.02.2020 16:46:58;23.2;31.1;24.5;24.3;10.8;39.4;25.7;24.6;21.0;20.7;13.3;19.3
23.02.2020 16:47:09;23.2;31.1;24.5;24.3;10.8;39.3;25.7;24.6;21.0;20.7;13.3;19.3
23.02.2020 16:47:21;23.2;31.1;24.5;24.3;10.8;39.3;25.7;24.6;21.0;20.8;13.3;19.2
23.02.2020 16:47:32;23.1;31.1;24.5;24.3;10.9;39.4;25.7;24.6;21.0;20.7;13.3;19.2
23.02.2020 16:47:43;23.1;31.1;24.5;24.3;10.8;39.3;25.7;24.6;21.0;20.8;13.3;19.2
23.02.2020 16:47:54;23.1;31.1;24.6;24.3;10.8;39.3;25.8;24.6;21.0;20.8;13.3;19.3
23.02.2020 16:48:06;23.1;31.1;24.5;24.3;10.8;39.3;25.7;24.6;21.0;20.8;13.3;19.3
23.02.2020 16:48:17;23.1;31.1;24.5;24.3;10.9;39.3;25.7;24.6;21.1;20.7;13.3;19.3
23.02.2020 16:48:28;23.1;31.1;24.5;24.3;10.8;39.3;25.7;24.6;21.0;20.8;13.3;19.3
23.02.2020 16:48:39;23.1;31.1;24.5;24.3;10.8;39.3;25.7;24.6;21.1;20.8;13.3;19.3
23.02.2020 16:48:50;23.1;31.1;24.5;24.3;10.8;39.3;25.7;24.6;21.0;20.7;13.3;19.2
23.02.2020 16:49:02;23.1;31.1;24.5;24.3;10.8;39.3;25.7;24.6;21.0;20.8;13.3;19.2
23.02.2020 16:49:13;23.1;31.1;24.5;24.3;10.8;39.3;25.7;24.6;21.1;20.8;13.4;19.3
23.02.2020 16:49:24;23.2;31.1;24.5;24.3;10.8;39.3;25.7;24.6;21.1;20.8;13.4;19.3
23.02.2020 16:49:35;23.2;31.0;24.5;24.3;10.8;39.3;25.7;24.6;21.0;20.9;13.4;19.3
23.02.2020 16:49:47;23.2;31.0;24.4;24.3;10.8;39.3;25.7;24.6;21.1;20.9;13.4;19.3
23.02.2020 16:49:58;23.2;31.0;24.4;24.3;10.8;39.3;25.7;24.6;21.0;20.9;13.4;19.3
23.02.2020 16:50:09;23.2;31.0;24.4;24.2;10.8;39.3;25.7;24.6;21.0;20.8;13.4;19.3
23.02.2020 16:50:20;23.2;31.0;24.5;24.3;10.8;39.2;25.7;24.5;21.0;20.8;13.3;19.3
23.02.2020 16:50:31;23.2;31.0;24.4;24.3;10.8;39.2;25.7;24.5;21.1;20.9;13.4;19.3
23.02.2020 16:50:43;23.2;31.0;24.4;24.3;10.8;39.2;25.7;24.5;21.0;20.9;13.4;19.3
23.02.2020 16:50:54;23.2;31.0;24.4;24.3;10.8;39.2;25.6;24.5;21.0;20.8;13.3;19.3
23.02.2020 16:51:05;23.2;31.0;24.4;24.3;10.8;39.2;25.7;24.6;21.0;20.8;13.4;19.3
23.02.2020 16:51:17;23.2;31.0;24.4;24.3;10.8;39.2;25.7;24.6;21.1;20.8;13.4;19.3
23.02.2020 16:51:28;23.2;31.0;24.4;24.3;10.8;39.2;25.6;24.5;21.0;20.8;13.4;19.3
23.02.2020 16:51:39;23.1;31.0;24.4;24.3;10.8;39.2;25.6;24.5;21.0;20.8;13.4;19.3
23.02.2020 16:51:50;23.1;31.0;24.4;24.2;10.8;39.2;25.6;24.5;21.1;20.8;13.4;19.3
23.02.2020 16:52:01;23.1;31.0;24.4;24.2;10.8;39.2;25.6;24.5;21.0;20.8;13.4;19.3
23.02.2020 16:52:12;23.1;31.0;24.5;24.3;10.8;39.2;25.6;24.5;21.0;20.8;13.4;19.2
23.02.2020 16:52:24;23.1;31.0;24.4;24.3;10.8;39.2;25.6;24.5;21.0;20.8;13.4;19.3
23.02.2020 16:52:35;23.1;31.0;24.4;24.2;10.8;39.2;25.6;24.5;21.0;20.8;13.4;19.2
23.02.2020 16:52:46;23.1;31.0;24.4;24.2;10.8;39.1;25.6;24.5;21.0;20.8;13.4;19.2
23.02.2020 16:52:58;23.1;31.0;24.4;24.3;10.8;39.1;25.6;24.5;21.0;20.9;13.4;19.2
23.02.2020 16:53:09;23.1;31.0;24.4;24.2;10.8;39.1;25.6;24.5;21.0;20.9;13.4;19.2
23.02.2020 16:53:20;23.1;30.9;24.4;24.2;10.8;39.1;25.6;24.5;21.0;20.9;13.4;19.2
23.02.2020 16:53:31;23.1;30.9;24.4;24.2;10.8;39.1;25.6;24.5;21.0;20.8;13.4;19.2
23.02.2020 16:53:42;23.1;30.9;24.4;24.2;10.8;39.1;25.6;24.5;21.1;20.8;13.4;19.2
23.02.2020 16:53:54;23.2;30.9;24.4;24.2;10.8;39.1;25.6;24.5;21.1;20.8;13.4;19.2
23.02.2020 16:54:05;23.2;30.9;24.4;24.2;10.8;39.1;25.6;24.5;21.0;20.9;13.4;19.2
23.02.2020 16:54:16;23.1;30.9;24.4;24.2;10.8;39.1;25.6;24.5;21.0;20.8;13.4;19.2
23.02.2020 16:54:27;23.1;30.9;24.4;24.2;10.8;39.1;25.6;24.5;21.0;20.8;13.4;19.2
23.02.2020 16:54:39;23.1;30.9;24.4;24.2;10.8;39.1;25.6;24.5;21.0;20.9;13.4;19.2
23.02.2020 16:54:50;23.2;30.9;24.4;24.2;10.8;39.1;25.6;24.5;21.1;20.8;13.4;19.2
23.02.2020 16:55:01;23.2;30.9;24.4;24.2;10.8;39.1;25.6;24.5;21.0;20.8;13.4;19.2
23.02.2020 16:55:12;23.2;30.9;24.4;24.2;10.8;39.1;25.6;24.5;21.1;20.8;13.5;19.2
23.02.2020 16:55:23;23.2;30.9;24.3;24.2;10.8;39.1;25.6;24.5;21.0;20.8;13.4;19.2
23.02.2020 16:55:35;23.2;30.9;24.3;24.2;10.8;39.0;25.6;24.5;21.0;20.8;13.4;19.3
23.02.2020 16:55:46;23.2;30.9;24.3;24.2;10.8;39.0;25.6;24.5;21.0;20.7;13.4;19.3
23.02.2020 16:55:57;23.2;30.9;24.3;24.2;10.8;39.0;25.6;24.5;21.1;20.8;13.4;19.2
23.02.2020 16:56:08;23.2;30.9;24.3;24.2;10.8;39.0;25.6;24.5;21.0;20.8;13.4;19.2
23.02.2020 16:56:20;23.2;30.9;24.4;24.2;10.8;39.0;25.6;24.5;21.0;20.8;13.4;19.3
23.02.2020 16:56:31;23.2;30.9;24.4;24.2;10.8;39.0;25.6;24.4;21.0;20.8;13.4;19.3
23.02.2020 16:56:42;23.2;30.9;24.3;24.2;10.8;39.0;25.6;24.5;21.0;20.8;13.4;19.3
23.02.2020 16:56:53;23.3;30.9;24.4;24.2;10.8;39.0;25.6;24.5;21.0;20.8;13.3;19.2
23.02.2020 16:57:05;23.2;30.9;24.3;24.2;10.8;39.0;25.6;24.5;21.0;20.8;13.3;19.2
23.02.2020 16:57:16;23.2;30.9;24.3;24.2;10.8;39.0;25.6;24.4;21.0;20.8;13.3;19.3
23.02.2020 16:57:27;23.2;30.8;24.3;24.2;10.8;39.0;25.6;24.5;21.0;20.8;13.3;19.3
23.02.2020 16:57:38;23.2;30.8;24.3;24.1;10.8;39.0;25.6;24.4;21.0;20.8;13.3;19.2
23.02.2020 16:57:50;23.2;30.8;24.3;24.2;10.8;39.0;25.6;24.5;21.0;20.8;13.3;19.2
23.02.2020 16:58:01;23.2;30.8;24.3;24.2;10.8;39.0;25.6;24.4;21.0;20.8;13.3;19.2
23.02.2020 16:58:12;23.2;30.9;24.3;24.2;10.8;39.0;25.5;24.4;21.0;20.8;13.3;19.3
23.02.2020 16:58:23;23.1;30.9;24.4;24.2;10.8;39.0;25.5;24.4;21.0;20.7;13.3;19.2
23.02.2020 16:58:35;23.1;30.8;24.3;24.2;10.8;39.0;25.5;24.4;21.0;20.7;13.3;19.3
23.02.2020 16:58:46;23.1;30.8;24.3;24.2;10.8;39.0;25.5;24.4;21.0;20.7;13.3;19.3
23.02.2020 16:58:57;23.1;30.9;24.3;24.2;10.8;38.9;25.5;24.4;21.0;20.7;13.3;19.3
23.02.2020 16:59:08;23.1;30.8;24.3;24.1;10.8;39.0;25.5;24.4;21.0;20.7;13.3;19.3
23.02.2020 16:59:20;23.1;30.8;24.3;24.1;10.8;38.9;25.5;24.4;21.0;20.7;13.3;19.3
23.02.2020 16:59:31;23.1;30.8;24.3;24.1;10.8;38.9;25.5;24.4;21.0;20.7;13.3;19.2
23.02.2020 16:59:42;23.0;30.8;24.3;24.2;10.8;39.0;25.5;24.4;21.0;20.6;13.2;19.2
23.02.2020 16:59:53;23.0;30.8;24.3;24.1;10.8;38.9;25.5;24.4;21.0;20.6;13.2;19.3
23.02.2020 17:00:04;23.0;30.8;24.3;24.1;10.8;38.9;25.5;24.4;21.0;20.7;13.2;19.2
23.02.2020 17:00:16;23.1;30.8;24.3;24.2;10.8;38.9;25.5;24.4;21.0;20.7;13.2;19.3
23.02.2020 17:00:27;23.1;30.8;24.3;24.1;10.8;38.9;25.5;24.4;21.0;20.7;13.2;19.2
23.02.2020 17:00:38;23.0;30.8;24.3;24.1;10.8;38.9;25.5;24.4;21.0;20.8;13.2;19.3
23.02.2020 17:00:50;23.1;30.8;24.3;24.1;10.8;38.9;25.5;24.4;21.0;20.8;13.3;19.3
23.02.2020 17:01:01;23.1;30.8;24.3;24.1;10.8;38.9;25.5;24.4;21.0;20.7;13.2;19.3
23.02.2020 17:01:17;23.1;30.8;24.3;24.1;10.8;38.9;25.5;24.4;21.0;20.7;13.3;19.3
23.02.2020 17:01:28;23.1;30.8;24.3;24.1;10.8;38.9;25.5;24.4;21.0;20.7;13.3;19.3
23.02.2020 17:01:40;23.1;30.8;24.3;24.1;10.8;38.9;25.5;24.3;21.0;20.7;13.3;19.3
23.02.2020 17:01:51;23.1;30.8;24.3;24.1;10.8;38.9;25.5;24.3;21.0;20.8;13.2;19.3
23.02.2020 17:02:02;23.1;30.8;24.3;24.1;10.8;38.9;25.5;24.3;21.0;20.8;13.2;19.2
23.02.2020 17:02:13;23.1;30.8;24.3;24.1;10.8;38.9;25.5;24.4;21.0;20.8;13.2;19.2
23.02.2020 17:02:25;23.1;30.8;24.3;24.1;10.8;38.9;25.5;24.3;21.0;20.8;13.2;19.3
23.02.2020 17:02:36;23.1;30.8;24.3;24.1;10.8;38.9;25.5;24.3;21.0;20.8;13.2;19.2
23.02.2020 17:02:47;23.1;30.8;24.3;24.1;10.8;38.9;25.5;24.3;21.0;20.7;13.2;19.2
23.02.2020 17:02:58;23.1;30.7;24.3;24.1;10.8;38.8;25.5;24.4;21.0;20.7;13.3;19.3
23.02.2020 17:03:10;23.1;30.7;24.2;24.1;10.8;38.8;25.5;24.3;21.0;20.7;13.2;19.2
23.02.2020 17:03:21;23.1;30.7;24.2;24.1;10.8;38.9;25.5;24.3;21.0;20.7;13.2;19.2
23.02.2020 17:03:32;23.1;30.7;24.2;24.1;10.8;38.8;25.5;24.3;21.0;20.8;13.2;19.2
23.02.2020 17:03:43;23.1;30.7;24.2;24.1;10.8;38.8;25.5;24.3;21.0;20.7;13.2;19.2
23.02.2020 17:03:55;23.1;30.7;24.2;24.1;10.8;38.8;25.5;24.3;21.0;20.7;13.2;19.3
23.02.2020 17:04:06;23.0;30.7;24.2;24.1;10.8;38.8;25.4;24.3;21.0;20.7;13.2;19.3
23.02.2020 17:04:17;23.0;30.7;24.2;24.1;10.8;38.8;25.4;24.3;21.0;20.6;13.2;19.3
23.02.2020 17:04:29;23.0;30.7;24.3;24.1;10.8;38.8;25.4;24.3;21.0;20.7;13.1;19.3
